index,state_abbrev,state,municipality,geocode,period,refor,secveg,pasture,crop,urban,core,edge,port,river,road,mining,fire,dgorg,dgfor,defor,deorg,precp,precn,tempp
44,AM,"""Amazonas""","""Japurá""","""1302108""",2006,"""0.999094299574395""",0.000692651993954,1.3684613862e-05,0.0,1.9631006255e-05,0.936379177491547,"""38.7086071832244""","""NA""","""NA""",0.0,0.0,0.000193473759607,"""NA""","""NA""","""1.19887556208E-4""","""1.19794311379E-4""",0.012657480202225,0.0,0.01506466170497
45,AM,"""Amazonas""","""Santa Isabel do Rio Negro""","""1303601""",2006,"""0.996738730764661""",0.00309966799406,5.1077836948e-05,6.621201086e-06,3.3615650695e-05,0.956136434577804,"""29.7896450570554""","""NA""","""NA""",0.00827027298999,0.0,0.000306964014941,"""NA""","""NA""","""3.01790839685E-4""","""3.00889544729E-4""",0.076846053080244,0.0,0.313722756045636
46,AM,"""Amazonas""","""Tapauá""","""1304104""",2006,"""0.996798583007279""",0.002515825466709,5.3230160209e-05,0.0,2.2333957596e-05,0.936415172836929,"""50.8769574588128""","""NA""","""NA""",0.609516896757931,0.0,0.000372441518466,"""NA""","""NA""","""3.47005981832E-4""","""3.45945846874E-4""",0.013356372128682,0.0,0.009295262871101
47,AM,"""Amazonas""","""Atalaia do Norte""","""1300201""",2006,"""0.997082782807845""",0.002343042316512,4.548124846e-06,7.58020808e-07,9.514861689e-06,0.964700487028369,"""30.698708321871""","""NA""","""NA""",0.080196406439305,0.0,1.1857016241e-05,"""NA""","""NA""","""4.36274243254E-4""","""4.35195043065E-4""",0.025378308728932,0.0,0.010994511599179
48,AM,"""Amazonas""","""Barcelos""","""1300409""",2006,"""0.99808444676626""",0.001619023625246,7.9095846589e-05,9.0813749788e-05,1.6592324221e-05,0.89995351898398,"""91.1031209019173""","""NA""","""NA""",0.263932997576802,0.0,0.002884694319768,"""NA""","""NA""","""4.70687496704E-4""","""4.70016918659E-4""",0.019470821304912,0.0,0.000669631420539
49,AM,"""Amazonas""","""Jutaí""","""1302306""",2006,"""0.996786525338157""",0.002369529975569,0.000161520423031,0.0,4.634146451e-05,0.935190564501194,"""46.1110438521373""","""NA""","""NA""",0.0,0.0,0.000248009311923,"""NA""","""NA""","""6.85523785684E-4""","""6.83819857448E-4""",0.06054434717358,0.050783523356603,0.033776990324793
50,AM,"""Amazonas""","""Itamarati""","""1301951""",2006,"""0.995394952005759""",0.003416005160101,0.000211899433926,0.0,0.0,0.932588037229101,"""32.7730420640436""","""NA""","""NA""",0.0,0.0,0.000227649383525,"""NA""","""NA""","""7.09548890648E-4""","""7.06837291493E-4""",0.031507518058032,0.0,0.034004151818573
51,AM,"""Amazonas""","""Coari""","""1301209""",2006,"""0.986295888809993""",0.011211544577056,0.000159518029139,0.0,0.000131070827908,0.893545900541024,"""50.2957031025211""","""NA""","""NA""",0.207890969299811,0.0,0.00092148838482,"""NA""","""NA""","""7.73893030378E-4""","""7.63930876927E-4""",0.009018656246681,0.0,0.035476282292432
52,AM,"""Amazonas""","""Benjamin Constant""","""1300607""",2006,"""0.979907222340935""",0.015910070630368,0.001226912491296,0.0,0.0006207354829,0.893563683390258,"""28.0730488577266""","""NA""","""NA""",0.114968415350474,0.0,2.5918822249e-05,"""NA""","""NA""","""8.00118874804E-4""","""7.84357667096E-4""",0.262970820782694,0.0,0.072867972452753
53,AM,"""Amazonas""","""Novo Airão""","""1303205""",2006,"""0.996958990662369""",0.0021542924595,8.1024273919e-05,0.0,0.000103952806655,0.928530235558217,"""35.4699628370218""","""NA""","""NA""",0.134876638733683,0.0,0.00040381198514,"""NA""","""NA""","""8.41960918752E-4""","""8.40126867367E-4""",0.129932556219319,0.0,0.036441852161679
54,AM,"""Amazonas""","""Borba""","""1300805""",2006,"""0.988144082530116""",0.00928468395263,0.000149972868545,0.0,0.000107981984828,0.90343110655436,"""47.5940496482073""","""NA""","""NA""",0.336640769408816,0.0,0.000357236165096,"""NA""","""NA""","""8.97756811399E-4""","""8.87818323332E-4""",0.029312147972207,0.0,0.013301670261707
55,AM,"""Amazonas""","""Carauari""","""1301001""",2006,"""0.988967786590787""",0.008607904349498,0.001146652507072,0.0,0.000157448388242,0.906873964350779,"""40.7519293382977""","""NA""","""NA""",0.077645706411308,0.0,0.000724890595216,"""NA""","""NA""","""0.00106243553653""","""0.001051904176904""",0.05541208946863,0.0,0.03253778321999
56,AM,"""Amazonas""","""Urucará""","""1304302""",2006,"""0.98788300109972""",0.008048211424482,0.002080166413313,0.0,0.00010412791764,0.919459502706162,"""35.6985237565368""","""NA""","""NA""",0.768645182498634,0.000741547077574,0.000693393314674,"""NA""","""NA""","""0.001092248041648""","""0.001080118033517""",0.010486537201798,0.0,0.01805763625913
57,AM,"""Amazonas""","""Amaturá""","""1300060""",2006,"""0.975216648963562""",0.02023285707223,0.000222474909774,0.0,0.000197665927688,0.827693182379987,"""23.4456189565753""","""NA""","""NA""",0.0,0.0,0.000918628825606,"""NA""","""NA""","""0.001146473447675""","""0.001119419692831""",0.074287450988986,0.0,0.051072622554928
58,AM,"""Amazonas""","""São Gabriel da Cachoeira""","""1303809""",2006,"""0.989438158686459""",0.00942025743457,4.3662214019e-05,0.0,5.5289413706e-05,0.94352858608275,"""48.164903646938""","""NA""","""NA""",0.775762730488531,0.0,0.000210781028021,"""NA""","""NA""","""0.001165922077541""","""0.001154875946168""",1.21668267123585,0.0,3.34184639466511
59,AM,"""Amazonas""","""Pauini""","""1303502""",2006,"""0.995079810454819""",0.002555835612722,0.001028550760675,0.0,5.9513916891e-05,0.954423050839795,"""28.0572960963625""","""NA""","""NA""",0.143099792728074,0.0,0.000756801546748,"""NA""","""NA""","""0.001166368987309""","""0.001162274677205""",0.150421490959506,0.0,0.122028070929478
60,AM,"""Amazonas""","""Codajás""","""1301308""",2006,"""0.984646795163584""",0.011558158888676,0.000128032776391,0.0,0.000166037808608,0.816999551885283,"""55.8318157553805""","""NA""","""NA""",0.191029883656667,0.0,0.003453712741197,"""NA""","""NA""","""0.001179173973514""","""0.001162603516428""",0.056791271614698,0.0,0.088053450229202
61,AM,"""Amazonas""","""Beruri""","""1300631""",2006,"""0.986250793841676""",0.010637566592198,7.217735006e-05,0.0,0.000127427693966,0.855153806495962,"""45.7571737251621""","""NA""","""NA""",1.37012198018834,0.0,0.000913646929206,"""NA""","""NA""","""0.001204972095383""","""0.001191252445202""",0.072527015447791,0.0,0.044657002543015
62,AM,"""Amazonas""","""Juruá""","""1302207""",2006,"""0.992529092372148""",0.005361391281037,0.000109664821658,0.0,7.3843600722e-05,0.863260152373177,"""47.5483234723482""","""NA""","""NA""",0.0,0.0,0.000321585535797,"""NA""","""NA""","""0.001294525853379""","""0.001286682310755""",0.140291441826258,0.0,0.180156917434228
63,AM,"""Amazonas""","""Santo Antônio do Içá""","""1303700""",2006,"""0.989032843056052""",0.008671026647661,0.000189427125017,0.0,0.000285605291177,0.866662246700416,"""37.1254143439268""","""NA""","""NA""",0.0,0.0,0.000685134434486,"""NA""","""NA""","""0.001548528897547""","""0.001534311663243""",0.055592225768057,0.0,0.096699871611226
64,AM,"""Amazonas""","""Fonte Boa""","""1301605""",2006,"""0.991706504238328""",0.005036875383611,0.000360472706371,0.0,0.000291115446084,0.819520084175248,"""47.3438456096432""","""NA""","""NA""",0.0,0.0,0.000133272408804,"""NA""","""NA""","""0.001665609137056""","""0.001654542112036""",0.080626424156209,0.0,0.091936952126643
65,AM,"""Amazonas""","""Anori""","""1300102""",2006,"""0.984355497991219""",0.008637140698923,0.000974038882042,0.0,0.000382282646909,0.690782411640759,"""59.664072029129""","""NA""","""NA""",0.078305424397511,0.0,0.00917252905282,"""NA""","""NA""","""0.001742234309268""","""0.001716881974833""",0.479443379457709,0.0,0.345086398419876
66,AM,"""Amazonas""","""Tonantins""","""1304237""",2006,"""0.987140539831602""",0.009543030391584,0.000602717708942,0.0,0.000225636581881,0.847147136177674,"""26.9692803074825""","""NA""","""NA""",0.0,0.0,0.000357181126549,"""NA""","""NA""","""0.001929844477239""","""0.00190888675008""",0.056053292352987,0.0,0.086378808285667
67,AM,"""Amazonas""","""Maraã""","""1302801""",2006,"""0.993147850019649""",0.004110528324827,1.767209082e-05,0.0,8.1457645023e-05,0.742708495327499,"""85.5022161315275""","""NA""","""NA""",0.0,0.0,0.001119294706151,"""NA""","""NA""","""0.002021866107533""","""0.002011609084074""",0.0,0.0,0.201891882635207
68,AM,"""Amazonas""","""Nhamundá""","""1303007""",2006,"""0.963840202812803""",0.026980460060776,0.003724546432536,0.0,5.8595240863e-05,0.830363839754497,"""41.2092224364566""","""NA""","""NA""",0.0,0.0,0.000351811830929,"""NA""","""NA""","""0.002537470525362""","""0.002453068307304""",0.035812517476592,0.0,0.400241768352621
69,AM,"""Amazonas""","""Tefé""","""1304203""",2006,"""0.973939515522""",0.021073373243886,0.000205569427314,0.0,0.000303285360677,0.902971230307953,"""30.9491008380498""","""NA""","""NA""",0.071506122510031,0.0,0.000450905241283,"""NA""","""NA""","""0.002743303306472""","""0.002679261485616""",0.031703158275376,0.0,0.017036121995164
70,AM,"""Amazonas""","""Maués""","""1302900""",2006,"""0.966858534469551""",0.025312667669218,0.001042855307605,0.0,0.000156482816764,0.888585268535242,"""52.9519933602465""","""NA""","""NA""",0.557491511550048,6.836519816e-06,0.001489361702128,"""NA""","""NA""","""0.003171997271049""","""0.003077555993323""",0.029979421048361,0.0,0.109067688569419
71,AM,"""Amazonas""","""Caapiranga""","""1300839""",2006,"""0.973384395512948""",0.020984747021448,0.000241203988752,0.0,0.000189838423996,0.88531385082168,"""26.5947655161008""","""NA""","""NA""",0.496249449852525,0.0,0.000223380491437,"""NA""","""NA""","""0.003193498540606""","""0.003120945008725""",0.066423298152846,0.0,0.048350292330134
72,AM,"""Amazonas""","""Humaitá""","""1301704""",2006,"""0.977837641178022""",0.015364460343913,0.007104095078342,6.1522983358e-05,0.000234972695734,0.888864159062245,"""46.5956472117045""","""NA""","""NA""",1.75184165666994,0.0,0.021031178793326,"""NA""","""NA""","""0.00319763230333""","""0.003139733376687""",0.095455259094181,0.087687858673274,0.032802036581427
73,AM,"""Amazonas""","""São Paulo de Olivença""","""1303908""",2006,"""0.991530415237046""",0.004535828584346,0.000395583738831,0.0,0.000122357160142,0.902838090252579,"""32.4981723127147""","""NA""","""NA""",0.0,0.0,0.000197718100511,"""NA""","""NA""","""0.003514992050632""","""0.003496556498189""",0.036700520414475,0.0,0.111192310976023
74,AM,"""Amazonas""","""Uarini""","""1304260""",2006,"""0.976442674486312""",0.017778368784075,4.6252666755e-05,0.0,0.000153250500453,0.835467701184647,"""36.5141468314891""","""NA""","""NA""",0.0,0.0,0.000836876866009,"""NA""","""NA""","""0.003662174673388""","""0.003590446990479""",0.483000949612412,0.0,0.596492976024071
75,AM,"""Amazonas""","""São Sebastião do Uatumã""","""1303957""",2006,"""0.980952541352705""",0.011363380788521,0.003587252322156,3.9358567798e-05,0.000216853717902,0.874806018487282,"""30.2688013625488""","""NA""","""NA""",0.114258504646215,0.0,0.001407211961302,"""NA""","""NA""","""0.003715076768185""","""0.003659298485705""",0.197986705635053,0.0,0.254059452930864
76,AM,"""Amazonas""","""Ipixuna""","""1301803""",2006,"""0.983479239317458""",0.006717606924303,0.005990344636201,0.0,0.000202854378688,0.91110175452027,"""29.6098321991974""","""NA""","""NA""",0.0,0.0,0.000879507475814,"""NA""","""NA""","""0.004143814747105""","""0.004094017917349""",0.124677133235751,0.0,0.196441999400691
77,AM,"""Amazonas""","""Tabatinga""","""1304062""",2006,"""0.951712346873925""",0.029498577842972,0.004561635748913,0.0,0.003093202492916,0.84299028639917,"""20.0258650214953""","""NA""","""NA""",0.0,0.0,0.00069998600028,"""NA""","""NA""","""0.004611393985974""","""0.004417584440286""",1.54672265116925,0.0,0.910688973559315
78,AM,"""Amazonas""","""Eirunepé""","""1301407""",2006,"""0.976644626110713""",0.014367166992515,0.005530327224009,0.0,0.000384417699983,0.880502091398394,"""42.2051294173177""","""NA""","""NA""",0.0,0.0,0.002739726027397,"""NA""","""NA""","""0.004865919846002""","""0.004774302709154""",0.086090518789738,0.0,0.152164886612699
79,AM,"""Amazonas""","""Itapiranga""","""1302009""",2006,"""0.965852997151606""",0.023537640240943,0.003311541865312,0.0,0.000321699722861,0.84481429672557,"""29.1381624815483""","""NA""","""NA""",0.349146198874115,0.0,0.000334933571508,"""NA""","""NA""","""0.005178350813553""","""0.005029616013072""",1.13398836386493,0.0,1.63286573687438
80,AM,"""Amazonas""","""Novo Aripuanã""","""1303304""",2006,"""0.979546917875285""",0.010289561147366,0.003547317797856,5.848833962e-06,0.000102690123413,0.917325269740911,"""45.8106651466884""","""NA""","""NA""",1.76178346705452,0.0,0.015328233451111,"""NA""","""NA""","""0.005661111976328""","""0.005583617293085""",0.004563889303923,0.0,0.05495045242442
81,AM,"""Amazonas""","""Presidente Figueiredo""","""1303536""",2006,"""0.969255325460247""",0.019155725617938,0.003392554871197,0.0,0.000223376030943,0.762231926525464,"""99.9816244765096""","""NA""","""NA""",2.38083247854265,0.001983420253351,0.002252398387172,"""NA""","""NA""","""0.006426003802862""","""0.006273684400703""",0.004093393111789,0.008558912870105,0.018407864781502
82,AM,"""Amazonas""","""Alvarães""","""1300029""",2006,"""0.947258048856534""",0.041570508318115,0.000260881780418,0.0,0.000160704581903,0.862364793000341,"""23.189081733927""","""NA""","""NA""",0.0,0.0,0.001805124985284,"""NA""","""NA""","""0.007139287499108""","""0.006824657487502""",0.036305749419789,0.0,0.036305749419789
83,AM,"""Amazonas""","""Anamã""","""1300086""",2006,"""0.912988175002586""",0.070708553532981,0.000660598943042,0.0,0.000277463626082,0.700063613231552,"""35.3937998449861""","""NA""","""NA""",1.21480113965862,0.0,0.000191131498471,"""NA""","""NA""","""0.007492287351256""","""0.006894687035285""",0.03675093382521,0.0,0.702893734349288
84,AM,"""Amazonas""","""Rio Preto da Eva""","""1303569""",2006,"""0.905393821407375""",0.078159202431712,0.0079673835237,0.0,0.000591959066484,0.801645347691222,"""39.4397313903552""","""NA""","""NA""",2.32414278018133,0.0,0.000486598272576,"""NA""","""NA""","""0.00908800721032""","""0.008307158917323""",0.139297822613526,0.0,0.136911099796161
85,AM,"""Amazonas""","""Manicoré""","""1302702""",2006,"""0.967372069652303""",0.017031351671471,0.005912264091083,0.0,0.000178586447621,0.912501726276605,"""44.8022630323439""","""NA""","""NA""",1.60004810456424,0.0,0.03590646802962,"""NA""","""NA""","""0.00893166677598""","""0.00872589965101""",0.029613952058693,0.0,0.024626064189901
86,AM,"""Amazonas""","""Nova Olinda do Norte""","""1303106""",2006,"""0.917128085529216""",0.056864144658577,0.002227845910929,0.0,0.000616408831841,0.747712672766206,"""44.1420088600161""","""NA""","""NA""",0.445600572593978,0.0,0.00093062605753,"""NA""","""NA""","""0.009949702387489""","""0.009222124956739""",1.00375142768854,0.0,1.14261255197793
87,AM,"""Amazonas""","""Apuí""","""1300144""",2006,"""0.971144833169561""",0.007489212153566,0.013563770630366,0.0,9.0596165396e-05,0.94168001245607,"""31.2484265524921""","""NA""","""NA""",1.97669233305628,0.0,0.007322503217727,"""NA""","""NA""","""0.009497436792888""","""0.009328198226076""",0.156313471580554,0.0,0.277736892717579
88,AM,"""Amazonas""","""Manaquiri""","""1302553""",2006,"""0.864125758696624""",0.104580406878179,0.002785178009203,0.0,0.00032539255807,0.68951319932187,"""43.798693072372""","""NA""","""NA""",0.988759418748298,0.0,0.00082962962963,"""NA""","""NA""","""0.010843029707365""","""0.009480249480249""",0.590165328701522,0.0,0.551931499610913
89,AM,"""Amazonas""","""Envira""","""1301506""",2006,"""0.97009572879264""",0.01053793189201,0.009201262064999,0.0,0.000352155880112,0.88812384401374,"""28.9443177400488""","""NA""","""NA""",0.0,0.0,0.003039883268482,"""NA""","""NA""","""0.010705339485827""","""0.010512959941997""",0.073773440928904,0.0,0.161662984450126
90,AM,"""Amazonas""","""Silves""","""1304005""",2006,"""0.859974872792041""",0.090654160421602,0.008283775725636,0.0,0.000377280294965,0.629953746232816,"""43.0854329195935""","""NA""","""NA""",1.30819642286595,0.0,0.000882501260716,"""NA""","""NA""","""0.012419067812654""","""0.010824010824011""",0.032131711075072,0.0,0.118433113072516
91,AM,"""Amazonas""","""Barreirinha""","""1300508""",2006,"""0.828728140407679""",0.101124659393378,0.014834141671313,0.0,0.000508075970785,0.558363404908944,"""83.322777695554""","""NA""","""NA""",0.497454841532805,0.0,0.011770516091859,"""NA""","""NA""","""0.01363820863212""","""0.011468620579802""",0.072272468129022,0.0,0.112960003297258
92,AM,"""Amazonas""","""Boa Vista do Ramos""","""1300680""",2006,"""0.848651816178206""",0.063395926384959,0.004068938100695,2.3384701728e-05,0.000619054241091,0.517900989172883,"""73.4332727539365""","""NA""","""NA""",0.472078158169479,0.0,0.016642282370154,"""NA""","""NA""","""0.014131193300768""","""0.012187782124586""",0.631186848663711,0.0,0.560486120153678
93,AM,"""Amazonas""","""Canutama""","""1300904""",2006,"""0.973518988253136""",0.009475452705232,0.006120635055804,0.0,7.5021289861e-05,0.920021927840374,"""39.1684393523706""","""NA""","""NA""",1.30335874096655,0.0,0.022347066167291,"""NA""","""NA""","""0.012433504580212""","""0.012239969641563""",0.09704535351936,0.160123896032909,0.035072794366375
94,AM,"""Amazonas""","""Manaus""","""1302603""",2006,"""0.874226461790423""",0.067998097955302,0.010276324826967,0.0,0.022093962219192,0.659639668198869,"""71.5755173788233""","""NA""","""NA""",4.27250027476852,0.0,0.001074224802198,"""NA""","""NA""","""0.014765207143505""","""0.013133094794134""",0.249364668862721,0.0,0.138732606368168
95,AM,"""Amazonas""","""Guajará""","""1301654""",2006,"""0.941828970153""",0.017752735710982,0.02731540112386,0.0,0.000276409313181,0.871711648858319,"""28.665774948686""","""NA""","""NA""",0.672043988289994,0.0,0.010467943775577,"""NA""","""NA""","""0.016292293422591""","""0.0156004633801""",0.139715359514488,0.0,0.206828630424127
96,AM,"""Amazonas""","""Careiro""","""1301100""",2006,"""0.809340931711386""",0.137155799968349,0.015528564646305,1.9781611014e-05,0.000647069834038,0.648876404494382,"""62.9625218437527""","""NA""","""NA""",2.79249011972902,0.0,0.003327014584703,"""NA""","""NA""","""0.025249769120981""","""0.020999162128194""",0.0,0.0,0.044833785259161
97,AM,"""Amazonas""","""Parintins""","""1303403""",2006,"""0.629734414640435""",0.111286238700034,0.041274748070489,2.0337397423e-05,0.00198078386112,0.236229039769781,"""143.37167926216""","""NA""","""NA""",0.252807987598707,0.0,0.00946434962421,"""NA""","""NA""","""0.034461983371491""","""0.022492233887775""",1.21494759671187,0.0,0.288612300814785
98,AM,"""Amazonas""","""Manacapuru""","""1302504""",2006,"""0.853717622276783""",0.071717005909389,0.008158240315167,0.0,0.001575868152121,0.504834208798424,"""97.7555140581117""","""NA""","""NA""",1.78878817006673,0.0,0.001957826491639,"""NA""","""NA""","""0.026314042270665""","""0.023079312085096""",0.108407693776085,0.0,0.058161588089392
99,AM,"""Amazonas""","""Lábrea""","""1302405""",2006,"""0.954903718402854""",0.005846199057687,0.026154872107875,7.8250731e-06,8.7086155928e-05,0.912631319942025,"""49.3597983219642""","""NA""","""NA""",0.502924958765335,1.7715293922e-05,0.028841577021936,"""NA""","""NA""","""0.024642200391977""","""0.024168095444325""",0.026829317210321,0.0,0.017710675307226
100,AM,"""Amazonas""","""Autazes""","""1300300""",2006,"""0.81098330828394""",0.094495231311093,0.026253512208635,0.0,0.00068772515334,0.547580038782698,"""99.5647682365042""","""NA""","""NA""",1.74552632129652,0.0,0.006398961328016,"""NA""","""NA""","""0.031716273676073""","""0.026662983784486""",0.317681834340271,0.0,3.94984414029737
101,AM,"""Amazonas""","""Boca do Acre""","""1300706""",2006,"""0.912355559824976""",0.017465679001747,0.051726312005173,8.048700001e-06,0.000264423881634,0.855080473585508,"""44.8993267852767""","""NA""","""NA""",1.20402357570642,0.0,0.029658305269673,"""NA""","""NA""","""0.032796086921658""","""0.031025496863092""",0.002673441512559,0.044327385079211,0.129187593090773
102,AM,"""Amazonas""","""Itacoatiara""","""1301902""",2006,"""0.745271072855146""",0.134087127771553,0.024121422023021,6.790940885e-06,0.001746815106633,0.431021017962039,"""120.612129094783""","""NA""","""NA""",2.84393542491978,6.846318618e-05,0.00430176053533,"""NA""","""NA""","""0.042213657714079""","""0.032705556678745""",0.209297838323376,0.0,0.159508925242044
103,AM,"""Amazonas""","""Urucurituba""","""1304401""",2006,"""0.584620755534929""",0.037729570082572,0.008132448678217,2.0799101479e-05,0.000991613676159,0.314586409867094,"""98.3366012056424""","""NA""","""NA""",0.054066785153482,0.0,0.116207205009352,"""NA""","""NA""","""0.073632538569425""","""0.046687416629613""",0.16381098911354,0.0,0.117162826650744
104,AM,"""Amazonas""","""Iranduba""","""1301852""",2006,"""0.740589995215986""",0.15427296959147,0.026328673230702,0.0,0.00715483379636,0.466735570907904,"""57.6215126794116""","""NA""","""NA""",2.22923251556576,0.0,0.000212652844232,"""NA""","""NA""","""0.080631811284315""","""0.065238015514259""",0.420678323090848,0.0,0.492737643159896
105,AM,"""Amazonas""","""Careiro da Várzea""","""1301159""",2006,"""0.640019366721742""",0.115022344448264,0.029127993583133,0.000114586914174,0.00042810978336,0.273518964134296,"""105.382404441586""","""NA""","""NA""",0.375153042690874,0.0,0.027174887892377,"""NA""","""NA""","""0.103941886550582""","""0.074587964737447""",0.218598903829636,0.0,0.182165753191363
106,AM,"""Amazonas""","""Alvarães""","""1300029""",2017,"""0.94029164825182""",0.041430033513275,7.023740242e-05,0.0,0.000172452433251,0.862334691256447,"""23.2925899470382""","""1.0""","""0.468169433604622""",0.0,0.0,0.001491190205235,"""0.016212537307062""","""0.017115227816362""","""0.002616667268199""","""0.00247393833922""",0.0,0.0,0.692683887757029
107,AM,"""Amazonas""","""Amaturá""","""1300060""",2017,"""0.973793629988783""",0.019824986404311,0.000222474909774,0.0,0.000198416795409,0.8275819449251,"""23.6552923525716""","""1.0""","""1.34615519114032""",0.048454285120482,0.0,4.8348885558e-05,"""0.003042566836096""","""0.003119888118532""","""8.03840058795E-4""","""7.83593784982E-4""",0.03966419258162,0.0,0.407254418814622
108,AM,"""Amazonas""","""Anamã""","""1300086""",2017,"""0.90822778974611""",0.070904286553142,9.786651008e-05,0.0,0.000294191446266,0.699965746721472,"""35.5711105575343""","""1.0""","""0.255037430780296""",0.0,0.0,0.013761467889908,"""0.063436079947403""","""0.069481819901143""","""0.001977848101266""","""0.001802532558244""",0.007966985654416,0.0,2.18501006560792
109,AM,"""Amazonas""","""Anori""","""1300102""",2017,"""0.982946979491579""",0.008607323182125,0.000854768814853,0.0,0.000403553396968,0.690782411640759,"""59.6450793143449""","""1.0""","""1.8674402386567""",0.0,0.0,0.006140930467566,"""0.016154598253413""","""0.016411345582343""","""7.45235813904E-4""","""7.32815477063E-4""",0.197042975301207,0.0,4.2782146318182
110,AM,"""Amazonas""","""Apuí""","""1300144""",2017,"""0.953899794463533""",0.010922416477601,0.023362916499844,2.224298234e-06,9.2752050349e-05,0.924789803816896,"""36.1231485135471""","""1.0""","""4.90172521285221""",4.48986388211101,0.0,0.015110272376248,"""0.00338523994242""","""0.003485823974753""","""0.01076998351081""","""0.010422453293764""",0.018566947870148,0.0,0.479694595568141
111,AM,"""Amazonas""","""Atalaia do Norte""","""1300201""",2017,"""0.996871457560532""",0.002334704087627,1.516041615e-06,0.0,1.0342747939e-05,0.964664102029601,"""30.7305885362332""","""1.0""","""1.50282688172655""",0.08981352810979,0.0,2.96425406e-06,"""0.00339704451243""","""0.003406983423045""","""7.7178652132E-5""","""7.6947529354E-5""",0.017632551309059,0.0,0.089444071806855
112,AM,"""Amazonas""","""Autazes""","""1300300""",2017,"""0.782124188489041""",0.109058530214888,0.02734575962642,0.0,0.000735352197309,0.53006450591634,"""103.665579952635""","""1.0""","""0.884161363067679""",1.91921328907971,0.0,0.007079044174472,"""0.018384103354609""","""0.022668904731849""","""0.018458483608218""","""0.014801936762747""",0.381135471563965,0.0,12.1729226006932
113,AM,"""Amazonas""","""Barcelos""","""1300409""",2017,"""0.997932623565787""",0.001983743362296,4.6871612794e-05,0.000103508144919,1.719090345e-05,0.898789540599605,"""92.1938448496184""","""1.0""","""1.15476612252878""",0.521657090518036,0.0,0.005872481619858,"""0.010047318720772""","""0.010066601832465""","""6.7416718369E-5""","""6.7284579642E-5""",0.00159681338744,0.002987586337791,0.010095981417362
114,AM,"""Amazonas""","""Barreirinha""","""1300508""",2017,"""0.815891780267248""",0.107542266783095,0.014802579667757,0.0,0.000570945133073,0.553313484339986,"""83.8812923359533""","""1.0""","""0.989665978457138""",0.455692694483835,0.0,0.003786319861717,"""0.023013762782998""","""0.027769978670782""","""0.006775255109095""","""0.00557502389296""",0.018753553945467,0.0,0.510403743053825
115,AM,"""Amazonas""","""Benjamin Constant""","""1300607""",2017,"""0.97865167232163""",0.016221772722751,0.000179062904135,0.0,0.000629549582298,0.893557051430845,"""28.0401431539992""","""1.0""","""0.368627974348837""",0.667453770434221,0.0,7.7756466746e-05,"""0.001518002355456""","""0.001549128653047""","""5.37935928397E-4""","""5.26640147907E-4""",0.132813545849845,0.0,1.52154069769818
116,AM,"""Amazonas""","""Beruri""","""1300631""",2017,"""0.984592229809651""",0.010410723492009,0.000340264650284,0.0,0.000137324000062,0.855006014779172,"""45.8203116611229""","""1.0""","""1.97368562653846""",0.972141769909511,0.0,0.001195802598519,"""0.002391615187021""","""0.002424956412664""","""8.00528603014E-4""","""7.89988463661E-4""",0.036281558250388,0.0,0.297328272388257
117,AM,"""Amazonas""","""Boa Vista do Ramos""","""1300680""",2017,"""0.841113239974454""",0.067651942099479,0.002151392558988,0.0,0.00074949041898,0.512592661880598,"""74.5322607848708""","""2.0""","""1.1265627474356""",1.20244861992426,0.0,0.015362106803219,"""0.014461907032555""","""0.01704103703882""","""0.004619347961269""","""0.003912127595546""",0.129699267473578,0.0,3.18835906018695
118,AM,"""Amazonas""","""Boca do Acre""","""1300706""",2017,"""0.885552453489116""",0.023225865302323,0.077066302507707,0.0,0.000266961770809,0.816706954881671,"""52.3634830974816""","""1.0""","""3.47629726187355""",1.71217488707293,0.0,0.025115664243225,"""0.014210098686269""","""0.015575176293106""","""0.017421294658649""","""0.015822869534952""",0.0,0.031765084638475,0.172767564413784
119,AM,"""Amazonas""","""Borba""","""1300805""",2017,"""0.986916824713959""",0.009111533458947,0.000136338971404,0.0,0.000117847950251,0.903150248273267,"""47.9052531047424""","""1.0""","""3.72265185460613""",0.574170963422385,0.0,0.001956801083439,"""0.007460540721667""","""0.00755005353325""","""5.78467975772E-4""","""5.7125039571E-4""",0.010222183898868,0.0,0.12182505078916
120,AM,"""Amazonas""","""Caapiranga""","""1300839""",2017,"""0.97133219368507""",0.020629288511708,0.000412585770234,0.0,0.000194652824604,0.884977434732105,"""26.8616898743596""","""1.0""","""0.0""",0.0,0.0,0.008438818565401,"""0.022325148197906""","""0.022935592866312""","""8.6208878365E-4""","""8.38963712023E-4""",0.03141101749999,0.0,0.28163211656573
121,AM,"""Amazonas""","""Canutama""","""1300904""",2017,"""0.965303604273071""",0.013697803845178,0.010882311719508,5.322291353e-06,7.7420073198e-05,0.90666475064178,"""43.1709460590291""","""1.0""","""1.48962383039152""",2.27812391533698,0.0,0.019725343320849,"""0.009505495866058""","""0.00976405800067""","""0.005930775560218""","""0.005743954186359""",0.0,0.020638774236974,0.313386946134182
122,AM,"""Amazonas""","""Carauari""","""1301001""",2017,"""0.988584208475217""",0.007843469344783,0.00190422132911,0.0,0.000158657403948,0.906823612344481,"""40.6895117359213""","""1.0""","""3.79531224924015""",0.125247543352836,0.0,0.000241630198405,"""0.003221702166347""","""0.003257641158822""","""1.74714535861E-4""","""1.72757985258E-4""",0.049198106808572,0.0,0.28848536821814
123,AM,"""Amazonas""","""Careiro""","""1301100""",2017,"""0.801324631508656""",0.141102231365722,0.014994461148916,0.0,0.000712684882849,0.644623358126286,"""63.7216826282869""","""1.0""","""0.0""",3.19120847833398,0.0,0.022128515609888,"""0.033574630501518""","""0.04148391510426""","""0.00370210002165""","""0.002984918307499""",0.0,0.0,0.084179832368817
124,AM,"""Amazonas""","""Careiro da Várzea""","""1301159""",2017,"""0.566266691947236""",0.128268591726825,0.060364386387075,4.583476567e-05,0.000446089037336,0.240449180703564,"""108.167558877548""","""1.0""","""0.685770962044339""",2.16640811250691,0.0,0.030493273542601,"""0.031955422769971""","""0.049928837206366""","""0.052278481012658""","""0.031659639708701""",0.060881712250798,0.0,0.93959177961861
125,AM,"""Amazonas""","""Coari""","""1301209""",2017,"""0.985686858945615""",0.011094221639495,0.000134818463337,1.029148575e-06,0.000139834507897,0.893505763746595,"""50.4750771273018""","""1.0""","""3.92546022336434""",0.6050927119357,0.0,0.000909416484582,"""0.002647906528972""","""0.002684697927887""","""2.97392855963E-4""","""2.93262564129E-4""",0.002785013267974,0.0,0.626453921964851
126,AM,"""Amazonas""","""Codajás""","""1301308""",2017,"""0.983741391570058""",0.011522949875168,0.000112028679342,0.0,0.000167612757641,0.816945137955317,"""55.8906960620427""","""1.0""","""0.751438531085899""",0.0,0.0,0.003090822634332,"""0.005963604086459""","""0.006056592186915""","""4.48177914519E-4""","""4.41193129311E-4""",0.016356156017297,0.0,0.828295975135741
127,AM,"""Amazonas""","""Eirunepé""","""1301407""",2017,"""0.974769819791766""",0.015679646059058,0.00416721840119,0.0,0.00038803477228,0.880209996650647,"""42.169789699933""","""2.0""","""5.3702537050224""",0.278654286775496,0.0,0.000289193302892,"""0.002198539574103""","""0.002251115211536""","""7.73031290962E-4""","""7.54182433452E-4""",0.039400212955656,0.0,0.35182072509815
128,AM,"""Amazonas""","""Envira""","""1301506""",2017,"""0.960714543574754""",0.012123284477533,0.012216540511976,0.0,0.000356643446659,0.882792707378107,"""29.2614081884767""","""1.0""","""1.41982678401343""",0.395593534610721,0.0,0.00687013618677,"""7.71260213513E-4""","""7.95035160574E-4""","""0.006304883272649""","""0.006098034646159""",0.070076366440439,0.0,0.353826833430084
129,AM,"""Amazonas""","""Fonte Boa""","""1301605""",2017,"""0.990635426097861""",0.004705630193973,0.000399442728681,0.0,0.000293099322168,0.81943240162505,"""47.4255233116276""","""1.0""","""2.05393711478596""",0.017526122926255,0.0,0.000361739395324,"""0.002459914554384""","""0.002480486458313""","""4.59230083103E-4""","""4.55217935587E-4""",0.03616255961189,0.0,0.636191256758969
130,AM,"""Amazonas""","""Guajará""","""1301654""",2017,"""0.934630527773089""",0.028248159130033,0.01922391500527,0.0,0.00029828343149,0.868746540074469,"""28.9098556510003""","""0.0""","""1.57279845827775""",1.25862583433206,0.0,0.002639226617638,"""2.6001527145E-4""","""2.76074828542E-4""","""0.003793896893661""","""0.003565452439181""",0.041831443949874,0.0,0.406754656777002
131,AM,"""Amazonas""","""Humaitá""","""1301704""",2017,"""0.972734929507985""",0.017568430747739,0.008390649230329,4.1618488742e-05,0.000259465748433,0.883600324986112,"""48.0760518394278""","""1.0""","""1.48746672234976""",1.67057402693919,0.0,0.016042288803657,"""0.008456738292246""","""0.00864840740029""","""0.002454038765494""","""0.002397984067631""",0.000475943653242,0.008928702934817,0.396937006803684
132,AM,"""Amazonas""","""Ipixuna""","""1301803""",2017,"""0.979837161080449""",0.007841992698669,0.006296560336455,0.0,0.000213110649188,0.90922618335622,"""29.8173418012608""","""1.0""","""2.91978538357377""",0.161127091700953,0.0,0.001066636725987,"""8.54090543055E-4""","""8.68437796051E-4""","""0.002139806110698""","""0.002103201361462""",0.028643451662349,0.0,0.402935246384715
133,AM,"""Amazonas""","""Iranduba""","""1301852""",2017,"""0.718499753363062""",0.150029918946853,0.02594788663439,2.7199042594e-05,0.008361886953868,0.459990208344666,"""58.1692160797126""","""1.0""","""1.24790501616758""",5.18843359905565,0.0,0.001169590643275,"""0.044489869001786""","""0.060073548507513""","""0.010739584126742""","""0.007868742675373""",0.198234335051611,0.0,1.91797415551372
134,AM,"""Amazonas""","""Itacoatiara""","""1301902""",2017,"""0.721099788401297""",0.141645444976401,0.02370038368816,0.0,0.001841177855914,0.422444059624461,"""123.116665862167""","""5.0""","""1.63403238833413""",5.8128865211197,5.6216105955e-05,0.002894394434265,"""0.020869142832495""","""0.028002083527199""","""0.010551792955564""","""0.007729273261691""",0.104684381350493,0.0,0.909746991587241
135,AM,"""Amazonas""","""Itamarati""","""1301951""",2017,"""0.994704722805561""",0.003534761985707,0.000190942347054,0.0,0.0,0.93230162370852,"""32.8633752961342""","""0.0""","""2.93326823348285""",0.0,0.0,0.000109271704092,"""0.001536737754013""","""0.001543847244671""","""3.6684358414E-4""","""3.65069809892E-4""",0.037599304433753,0.0,0.304114958371544
136,AM,"""Amazonas""","""Itapiranga""","""1302009""",2017,"""0.963370385393335""",0.02493648120129,0.002098261440521,0.0,0.000408246236229,0.844014959033943,"""29.3032797109692""","""1.0""","""1.35532685359534""",0.963990247292233,0.0,0.000725689404935,"""0.002061440801728""","""0.002134321483504""","""0.001216545012165""","""0.001174428104575""",0.372481193651216,0.0,6.42787173917915
137,AM,"""Amazonas""","""Japurá""","""1302108""",2017,"""0.998905073104751""",0.000649492827157,0.0,1.052662605e-06,1.9647018495e-05,0.936337070987355,"""38.735321972156""","""1.0""","""1.79321742796789""",0.00178446985855,0.0,0.000279919481984,"""0.001593372355024""","""0.001594816781262""","""5.1903609628E-5""","""5.1851269105E-5""",0.008882838784776,0.0,0.167824625895577
138,AM,"""Amazonas""","""Juruá""","""1302207""",2017,"""0.99171455964412""",0.005346160055807,8.2248616243e-05,0.0,7.5128635415e-05,0.863168765021796,"""47.5726273648572""","""1.0""","""3.53566847742409""",0.0,0.0,8.3374027799e-05,"""0.003833437656706""","""0.003862292487109""","""3.18889414466E-4""","""3.1639728953E-4""",0.10827579949504,0.0,1.17689111961625
139,AM,"""Amazonas""","""Jutaí""","""1302306""",2017,"""0.996297037492621""",0.002412658465488,8.5411323174e-05,0.0,4.7572790442e-05,0.935170268741232,"""46.1447776089453""","""1.0""","""2.94788148633798""",0.036909176479575,0.0,0.000191793867887,"""0.002413568456716""","""0.002421349401666""","""1.52308180657E-4""","""1.518023335E-4""",0.020801904525296,0.005783855601315,0.242685859516413
140,AM,"""Amazonas""","""Lábrea""","""1302405""",2017,"""0.933595495867786""",0.008917974975416,0.042974432008375,3.1300292396e-05,8.9043002587e-05,0.886565131995941,"""57.626294488161""","""1.0""","""1.89252052391036""",0.884647125658562,2.2432460701e-05,0.026570426078797,"""0.011505474379183""","""0.012048831895248""","""0.015310292645486""","""0.014585397397944""",0.008028469922785,0.0,0.095879701793633
141,AM,"""Amazonas""","""Manacapuru""","""1302504""",2017,"""0.839432065543309""",0.073547275114905,0.007378529218647,0.0,0.001676566881978,0.501066973079448,"""99.2176182682372""","""1.0""","""1.4631107753867""",1.66743699630192,0.0,0.029495779439612,"""0.062977740446756""","""0.073768818639119""","""0.006339398100469""","""0.005376761520245""",0.04060986623993,0.0,0.488092735548992
142,AM,"""Amazonas""","""Manaquiri""","""1302553""",2017,"""0.860202877108074""",0.103051586340518,0.00516166141923,0.0,0.000337735034411,0.687984378784209,"""44.3893776803934""","""1.0""","""0.0""",1.43948860088457,0.0,0.013037037037037,"""0.047144634557305""","""0.054557608175474""","""0.00211898417183""","""0.001829521829522""",0.156584188018388,0.0,2.55738309103993
143,AM,"""Amazonas""","""Manaus""","""1302603""",2017,"""0.869717816055208""",0.064695937021187,0.007148517990173,0.0,0.023706629316624,0.657922544513129,"""71.6147095137261""","""12.0""","""1.47658660970116""",10.4690894177188,0.0,0.000289214369823,"""0.003507437261362""","""0.004012046551621""","""0.001567632989453""","""0.001370760469687""",0.144264209492896,0.0,2.52241102487579
144,AM,"""Amazonas""","""Manicoré""","""1302702""",2017,"""0.953307037907728""",0.018273026663664,0.017994334080246,1.244163319e-06,0.000194918555292,0.894328232678447,"""49.9771881621895""","""1.0""","""1.23337870818682""",2.02963864444046,0.0,0.038266174939426,"""0.007185243107562""","""0.007427589996623""","""0.008280467921197""","""0.00798443846902""",0.021152822899067,0.0,0.109994679075146
145,AM,"""Amazonas""","""Maraã""","""1302801""",2017,"""0.991835091454191""",0.004106993906663,2.4740927149e-05,0.0,8.7348067562e-05,0.742574187437264,"""85.6094549345016""","""1.0""","""2.05368538037757""",0.0,0.0,0.000815288736579,"""0.002032768846554""","""0.002046793784544""","""4.57341005741E-4""","""4.53797335465E-4""",0.0,0.0,0.213245490734403
146,AM,"""Amazonas""","""Maués""","""1302900""",2017,"""0.962189383247287""",0.02601395007897,0.002802106869998,0.0,0.000168552503214,0.885155937096177,"""54.3146272831887""","""1.0""","""3.30000930828213""",0.787820612763433,1.5476811961e-05,0.003102836879433,"""0.002642225637117""","""0.002732794450189""","""0.002804692876572""","""0.002708354760191""",0.00872099938966,0.0,0.348587650106773
147,AM,"""Amazonas""","""Nhamundá""","""1303007""",2017,"""0.960504100895279""",0.028909166498798,0.003938847147872,0.0,5.916535672e-05,0.828486565488156,"""41.4608133122398""","""1.0""","""0.541190470106334""",0.0,0.0,0.000619858940209,"""0.006801393530807""","""0.007056557208299""","""0.001499532932365""","""0.001443445338381""",0.007466529860912,0.0,0.46395317584843
148,AM,"""Amazonas""","""Nova Olinda do Norte""","""1303106""",2017,"""0.910121763864391""",0.05709125516406,0.001849328401791,0.0,0.000670530197806,0.746447342807086,"""45.1697970957662""","""1.0""","""1.65877199148883""",1.29752558867553,0.0,0.001565143824027,"""0.012848061934771""","""0.014009015902459""","""0.004158790170132""","""0.003806925754769""",0.159633845321291,0.0,5.79479890134127
149,AM,"""Amazonas""","""Novo Airão""","""1303205""",2017,"""0.996585134242444""",0.002128873079447,7.4669428906e-05,0.0,0.00011468372394,0.928438090305525,"""35.5507357983437""","""2.0""","""1.70727917118624""",0.179835414584816,0.0,0.000186374762372,"""0.00638524060703""","""0.006404717412486""","""1.40012573678E-4""","""1.39565049628E-4""",0.046236434221617,0.0,0.625167983031878
150,AM,"""Amazonas""","""Novo Aripuanã""","""1303304""",2017,"""0.965561375474829""",0.011763467305749,0.009453177890823,1.46220849e-06,0.00010717365525,0.906145223622855,"""49.3210317591252""","""1.0""","""6.98538988210946""",2.60285970961966,0.0,0.022697906303958,"""0.005839129341058""","""0.005961051211027""","""0.008167468477817""","""0.007979887713226""",0.0,0.0,0.142552622956103
151,AM,"""Amazonas""","""Parintins""","""1303403""",2017,"""0.61234876084864""",0.131074526392857,0.027424980425255,2.0337397424e-05,0.00210170424225,0.232822525701386,"""143.432998991333""","""3.0""","""1.92439278569764""",1.64017673129883,0.0,0.002505269018173,"""0.07284068992458""","""0.115668904590788""","""0.012397216951297""","""0.007707129094412""",0.011548730098683,0.0,1.70741087651625
152,AM,"""Amazonas""","""Pauini""","""1303502""",2017,"""0.993428681113653""",0.00281156045844,0.001877670276013,0.0,6.0301475877e-05,0.952809582476208,"""28.6525581025853""","""1.0""","""2.57039053913346""",0.272168537951508,0.0,0.000900428117663,"""0.001463105569421""","""0.001470339920526""","""0.001005437861108""","""0.001000260631291""",0.081225786969572,0.0,0.530444842716792
153,AM,"""Amazonas""","""Presidente Figueiredo""","""1303536""",2017,"""0.964425424543233""",0.020362441501543,0.003750539347473,2.370758121e-06,0.000231989050707,0.759768708837712,"""100.647131720044""","""0.0""","""2.32448026181421""",5.35623784465898,0.001847861868819,0.001019604208185,"""0.003939562119767""","""0.004064524605935""","""0.001923256465316""","""0.001860876870475""",0.001364464370596,0.010866098078568,0.024560358670737
154,AM,"""Amazonas""","""Rio Preto da Eva""","""1303569""",2017,"""0.89920679365642""",0.078242196010084,0.007479796250765,0.0,0.000728541368613,0.799269656510328,"""39.6118513536823""","""1.0""","""0.0""",9.1139244698395,0.0,0.000121649568144,"""0.003869673076588""","""0.004274021961595""","""0.003059963888625""","""0.002763331788614""",0.070082860909921,0.0,0.620547932515086
155,AM,"""Amazonas""","""Santa Isabel do Rio Negro""","""1303601""",2017,"""0.996482094129908""",0.003440186907048,2.9322461952e-05,2.837657608e-06,3.4099738846e-05,0.954651393762829,"""30.7928633387144""","""2.0""","""0.571108643430904""",0.12205203863288,0.0,0.00032545582307,"""0.005897957048707""","""0.005917254809776""","""9.1539354696E-5""","""9.12271492E-5""",0.03237579465067,0.0,0.72219217518315
156,AM,"""Amazonas""","""Santo Antônio do Içá""","""1303700""",2017,"""0.98801915772281""",0.008088538238233,0.000303083400027,0.0,0.000293546793207,0.866676453734793,"""37.2332052505398""","""1.0""","""3.37973533837169""",0.105958212450275,0.0,0.001296200281461,"""0.003864359519538""","""0.003907210510419""","""5.33849387741E-4""","""5.27935195955E-4""",0.03840453761775,0.0,0.387360508906784
157,AM,"""Amazonas""","""São Gabriel da Cachoeira""","""1303809""",2017,"""0.989018225130827""",0.009331854927173,1.7788309415e-05,5.39039679e-07,5.5977459743e-05,0.94333453179822,"""48.3913388341381""","""1.0""","""1.11059766430953""",0.920537285094509,0.0,0.000141223288774,"""0.002632788971026""","""0.002660892899584""","""1.15653308098E-4""","""1.14398089007E-4""",0.477819423634543,0.0,6.45449203532264
158,AM,"""Amazonas""","""São Paulo de Olivença""","""1303908""",2017,"""0.990983215380013""",0.004452547797223,0.000288508441103,0.0,0.000121631812027,0.902513890045566,"""32.6572567585524""","""1.0""","""0.970060626144035""",0.021294849369365,0.0,0.000104674288506,"""0.001000118555618""","""0.001008661499687""","""2.75303726287E-4""","""2.72852674714E-4""",0.036026822050223,0.0,0.352280082754678
159,AM,"""Amazonas""","""São Sebastião do Uatumã""","""1303957""",2017,"""0.977741708979704""",0.012358590288555,0.004239480017093,0.0,0.000230329092777,0.873169826597396,"""30.554867962378""","""1.0""","""0.942042473962425""",0.0,0.0,0.001209322779244,"""0.002333692340411""","""0.002379006365785""","""0.001507898758261""","""0.001477602911572""",0.089364106161492,0.0,0.909494089646193
160,AM,"""Amazonas""","""Silves""","""1304005""",2017,"""0.854304209630019""",0.094924978645909,0.006510983255169,0.0,0.000432776701989,0.62674660349079,"""43.5454262960512""","""0.0""","""0.430182223158064""",5.02014253959855,0.0,0.002962682803833,"""0.011401614916284""","""0.013258079133483""","""0.003267722589574""","""0.002805002805003""",0.032131711075072,0.0,0.361187349100415
161,AM,"""Amazonas""","""Tabatinga""","""1304062""",2017,"""0.94715619534102""",0.029498577842972,0.002075097046564,0.0,0.003180331110598,0.842811398722742,"""20.0830750277814""","""1.0""","""2.08297936920269""",0.183329569369796,0.0,6.9998600028e-05,"""0.001476666273533""","""0.001551588858108""","""0.002578067094196""","""0.002454213577937""",0.400780407239783,0.0,10.4871195139717
162,AM,"""Amazonas""","""Tapauá""","""1304104""",2017,"""0.996407612019957""",0.002492011973984,0.00011976786047,0.0,2.2668862302e-05,0.936350736327203,"""50.9156281465448""","""2.0""","""2.20034407963393""",0.005732134124195,0.0,0.000336840490966,"""0.003150982535897""","""0.003161102543295""","""1.83938913887E-4""","""1.8328256788E-4""",0.010067393333237,0.0,0.134432368056723
163,AM,"""Amazonas""","""Tefé""","""1304203""",2017,"""0.970991826754013""",0.020810144099155,0.000293312475557,0.0,0.000309041086326,0.902963709475246,"""31.0545918928269""","""2.0""","""2.53859285088948""",0.0,0.0,0.000842996755443,"""0.003408644322453""","""0.003499852165487""","""0.001544851451498""","""0.001502790897381""",0.01405480064601,0.0,0.123165838236913
164,AM,"""Amazonas""","""Tonantins""","""1304237""",2017,"""0.984920754607357""",0.009451709526593,0.000219170075979,0.0,0.000248075578975,0.847128872004676,"""26.9953239579653""","""1.0""","""1.17297337686096""",0.033644144182065,0.0,0.000821516591063,"""0.004329487624511""","""0.004385887773639""","""4.87670074939E-4""","""4.81231953802E-4""",0.008217236575307,0.0,1.13867421114968
165,AM,"""Amazonas""","""Uarini""","""1304260""",2017,"""0.972985377772974""",0.01758757653371,0.000242826500465,0.0,0.000154032390762,0.835010956100438,"""36.6342972923799""","""1.0""","""1.88962367477626""",0.0,0.0,0.000474984167194,"""0.006270279030419""","""0.006421553660298""","""0.001902398676592""","""0.001855736646765""",0.147128386862492,0.0,2.41678477443628
166,AM,"""Amazonas""","""Urucará""","""1304302""",2017,"""0.98716893565162""",0.009036398587563,0.001565530647857,0.0,0.000106466071435,0.919011899330325,"""35.7367385096621""","""1.0""","""0.796498778932168""",0.768499507462461,0.000604781095316,0.000591921122282,"""0.003546449763983""","""0.003589949174179""","""2.4808859018E-4""","""2.44975224097E-4""",0.003051039918626,0.0,0.062150813157206
167,AM,"""Amazonas""","""Urucurituba""","""1304401""",2017,"""0.565362172613665""",0.047505147777616,0.005199775369704,0.0,0.001093294012841,0.304124461823249,"""100.857247165459""","""1.0""","""0.91259466862422""",0.0,0.0,0.049686915507847,"""0.050728179130285""","""0.086771088179838""","""0.019186492709133""","""0.011116051578479""",0.039054275550248,0.0,0.830554260035274
